B000052Y4I,Health & Household > Products > Health Care > Medications & Treatments > Digestion & Nausea > Laxatives
B00466GNGO,Beauty & Personal Care > Products > Foot, Hand & Nail Care > Foot & Hand Care
B002771OXG,Beauty & Personal Care > Products > Oral Care > Toothbrushes & Accessories > Manual Toothbrushes
B00VXIKOQI,Beauty & Personal Care > Products > Skin Care > Face > Cleansers > Cloths & Towelettes
B009OCJHBI,Beauty & Personal Care > Products > Oral Care > Toothbrushes & Accessories > Manual Toothbrushes
B00G95AJQ0,Beauty & Personal Care > Products > Oral Care > Toothbrushes & Accessories > Manual Toothbrushes
B017BGKAY6,Beauty & Personal Care > Products > Makeup > Lips > Lip Glosses
B00HA75SY4,Beauty & Personal Care > Products > Oral Care > Toothbrushes & Accessories > Manual Toothbrushes
B00HA88L0Q,Beauty & Personal Care > Products > Oral Care > Toothbrushes & Accessories > Manual Toothbrushes
B06XKQ94J1,Health & Household > Products > Health Care > Medications & Treatments > Pain Relievers
B001GIOV0K,Beauty & Personal Care > Products > Skin Care > Lip Care > Balms & Moisturizers
B01HW8I9SM,Everything Else > Categories
B01IAF23FQ,Beauty & Personal Care > Products > Skin Care > Face > Cleansers > Cloths & Towelettes
B00CQ7QR4S,Health & Household > Products > Health Care > Sleep & Snoring > Medicinal Sleep Aids
B01I12NREO,Health & Household > Products > Health Care > Incontinence & Ostomy
B002DWBO0S,Health & Household > Products > Health Care > Sleep & Snoring > Medicinal Sleep Aids
B00D44R1XS,Beauty & Personal Care > Products > Makeup
B01IAF2BOY,Beauty & Personal Care > Products > Skin Care > Face > Cleansers > Cloths & Towelettes
B004P2JC2Q,Health & Household > Products > Health Care > Feminine Care > Panty Liners
B01IAF275C,Beauty & Personal Care > Products > Skin Care > Face > Cleansers > Cloths & Towelettes
B01M0PIOIN,Everything Else > Categories
B0014CZJJ0,Health & Household > Products > Health Care > Feminine Care > Sanitary Napkins
B00415M7CO,Health & Household > Products > Health Care > Sleep & Snoring > Medicinal Sleep Aids
B01IAF2JWI,Beauty & Personal Care > Products > Skin Care > Face > Cleansers > Cloths & Towelettes
B00E66PS5Q,Beauty & Personal Care > Products > Personal Care > Deodorants & Antiperspirants > Combination Deodorants & Antiperspirants
B00D4XQM3O,Health & Household > Products > Health Care > Feminine Care > Sanitary Napkins
B0777TYG34,Health & Household > Products > Health Care > Feminine Care > Sanitary Napkins
B01IAF2FEK,Beauty & Personal Care > Products > Skin Care > Face > Cleansers > Cloths & Towelettes
B01IA9CZFU,Beauty & Personal Care > Products > Personal Care > Deodorants & Antiperspirants > Combination Deodorants & Antiperspirants
B00BH0PEKS,Baby Products > Categories > Baby Care > Bathing > Shampoo
B003GD0I5A,Health & Household > Products > Health Care > Medications & Treatments > Cough & Cold > Cold & Flu Relief
B00MTSKAAQ,Health & Household > Products > Health Care > Alternative Medicine > Single Homeopathic Remedies
B00KO8BD4A,Health & Household > Products > Health Care > Feminine Care > Sanitary Napkins
B00M7BN1O2,Beauty & Personal Care > Products > Skin Care > Lip Care > Balms & Moisturizers
B001E16V7A,Health & Household > Products > Health Care > Medications & Treatments > Cough & Cold > Cold & Flu Relief
B01HSHXL4E,Health & Household > Products > Health Care > Medications & Treatments > Eczema, Psoriasis & Rosacea Care
B00DILXU2I,Health & Household > Products > Health Care > Medications & Treatments > Cough & Cold > Coughing & Sore Throats > Cough Syrups
B0000530AH,Health & Household > Products > Health Care > Feminine Care > Sanitary Napkins
B001LFCOPM,Health & Household > Products > Health Care > Medications & Treatments > Pain Relievers > Aspirin
B001E14ZM8,Health & Household > Products > Health Care > Medications & Treatments > Cough & Cold > Cold & Flu Relief
B00284UEP2,Health & Household > Products > Health Care > Medications & Treatments > Digestion & Nausea > Laxatives
B0000530AG,Health & Household > Products > Health Care > Feminine Care > Sanitary Napkins
B001CBC5CC,Health & Household > Products > Medical Supplies & Equipment > Mobility & Daily Living Aids > Bedroom Aids & Accessories > Bed Safety Handles & Rails
B002OHE88C,Health & Household > Products > Health Care > Medications & Treatments > Pain Relievers > Arthritis
B000YM85X8,Health & Household > Products > Health Care > Medications & Treatments > Digestion & Nausea > Laxatives
B001CBA2AO,Health & Household > Products > Medical Supplies & Equipment > Mobility & Daily Living Aids > Mobility Aids & Equipment > Canes, Crutches & Accessories > Canes
B071NLQFCG,Health & Household > Products > Baby & Child Care > Personal Care > Baby Bath
B000NN1XV4,Health & Household > Products > Health Care > Medications & Treatments > Pain Relievers > Aspirin
B00829NAHQ,Health & Household > Products > Health Care > Medications & Treatments > Cough & Cold > Coughing & Sore Throats > Cough Syrups
B07BRDVK2L,Beauty & Personal Care > Products > Skin Care > Body > Moisturizers > Lotions
B004H4N67Y,Beauty & Personal Care > Products > Skin Care > Body > Moisturizers > Lotions
B000HM4KQG,Health & Household > Products > Vision Care > Contact Lens Care > Rewetting Drops
B00005UVD9,Health & Household > Products > Household Supplies > Household Cleaning > All-Purpose Cleaners
B000052YMG,Beauty & Personal Care > Products > Skin Care > Face > Cleansers
B00N54NO06,Health & Household > Products > Health Care > Alternative Medicine > Single Homeopathic Remedies
B01HOHBECO,Beauty & Personal Care > Products > Skin Care > Body > Moisturizers > Lotions
B01B1LGJDI,Health & Household > Products > Health Care > Medications & Treatments > Digestion & Nausea > Antacids
B002YCDBZS,Health & Household > Products > Household Supplies > Household Cleaning > All-Purpose Cleaners
B01MZYTLGS,Baby Products > Categories > Baby Care > Grooming > Skin Care > Lotions
B00A1DUUS8,Health & Household > Products > Health Care > Medications & Treatments > Cough & Cold > Coughing & Sore Throats > Cough Syrups
B00399H31S,Health & Household > Products > Health Care > Medications & Treatments > Digestion & Nausea > Antacids
B0064FTVZ0,Beauty & Personal Care > Products > Skin Care > Face > Cleansers
B01N6ACXU1,Beauty & Personal Care > Products > Skin Care > Face
B01N1LV18Z,Baby Products > Categories > Baby Care > Grooming > Skin Care > Lotions
B008012CLQ,Health & Household > Products > Household Supplies > Household Cleaning > All-Purpose Cleaners
B001E13MAY,Beauty & Personal Care > Products > Skin Care > Body > Cleansers > Soaps
B000PVSSSA,Beauty & Personal Care > Products > Skin Care > Body > Cleansers > Soaps
B0009ET5JE,Beauty & Personal Care > Products > Makeup > Lips > Lip Glosses
B0013I63MM,Health & Household > Products > Vitamins & Dietary Supplements > Minerals > Calcium > Calcium-Vitamin D Combination
B002QM0UBO,Beauty & Personal Care > Products > Skin Care > Body > Cleansers > Soaps
B005SRUJ2Y,Home & Kitchen > Categories > Kitchen & Dining > Small Appliances > Mixers
B0082XYYVI,Beauty & Personal Care > Products > Makeup > Lips > Lipstick
B00013YYS0,Beauty & Personal Care > Products > Foot, Hand & Nail Care > Foot & Hand Care > Foot Creams & Lotions
B00BMSV49A,Beauty & Personal Care > Products > Skin Care > Body > Cleansers > Soaps
B00C67SFN4,Beauty & Personal Care > Products > Skin Care > Body > Cleansers > Soaps
B0006O2MRE,Beauty & Personal Care > Products > Makeup > Lips > Lip Glosses
B000VDBXKW,Beauty & Personal Care > Products > Skin Care > Body > Cleansers > Soaps
B000CEDRF4,Beauty & Personal Care > Products > Skin Care > Body > Cleansers > Soaps
B00AQXD2HO,
B001E0Z442,Beauty & Personal Care > Products > Skin Care > Body > Cleansers > Soaps
B00J2MIJ9Q,Beauty & Personal Care > Products > Foot, Hand & Nail Care > Nail Care > Cuticle Care > Cuticle Creams & Oils
B000XQA3AI,Beauty & Personal Care > Products > Skin Care > Body > Cleansers > Soaps
B002LMYPAQ,Beauty & Personal Care > Products > Skin Care > Body > Cleansers > Soaps
B005LGBWXM,Health & Household > Products > Health Care > Feminine Care > Feminine Washes
B00HZ24I18,Beauty & Personal Care > Products > Shave & Hair Removal > Women's > Depilatories
B00AY3IDQG,Beauty & Personal Care > Products > Skin Care > Body > Cleansers > Body Washes
B0062N6FNU,Beauty & Personal Care > Products > Oral Care > Denture Care > Cleansers
B0038ZZV44,Beauty & Personal Care > Products > Skin Care > Face > Cleansers > Washes
B007LKGOUC,Beauty & Personal Care > Products > Oral Care > Denture Care > Cleansers
B0727VK368,Beauty & Personal Care > Products > Skin Care > Face > Cleansers
B07212S945,Beauty & Personal Care > Products > Oral Care > Denture Care > Cleansers
B005C2NAO4,Beauty & Personal Care > Products > Skin Care > Body > Moisturizers > Body Butter
B00QFHKLSS,Beauty & Personal Care > Products > Skin Care > Face > Exfoliators, Polishes & Scrubs > Scrubs
B00E4MQYXM,Beauty & Personal Care > Products > Hair Care > Shampoo & Conditioner > 2-in-1 Shampoo & Conditioner
B00T3GVV0U,Health & Household > Products > Health Care > Feminine Care > Douches
B00A7L18T4,Beauty & Personal Care > Products > Oral Care > Oral Pain Relief > Emergency Dental Care
B003LZTY4Y,Health & Household > Products > Health Care > Medications & Treatments > Eczema, Psoriasis & Rosacea Care
B000GCV3U8,Health & Household > Products > Health Care > Medications & Treatments > Eczema, Psoriasis & Rosacea Care
B000R91BU2,Health & Household > Products > Health Care > Medications & Treatments > Pain Relievers > Non-Aspirin > Ibuprofen
B0031ERL90,Health & Household > Products > Health Care > Diabetes Care > Blood Glucose Monitors
B00CMKE9GC,Health & Household > Products > Vitamins & Dietary Supplements > Multi & Prenatal Vitamins > Multivitamins
B07D9BQRQ3,Beauty & Personal Care > Products > Oral Care > Breath Fresheners
B003WQCDNQ,Health & Household > Products > Health Care > Diabetes Care > Blood Glucose Monitors
B00BTWAPIU,Beauty & Personal Care > Products > Oral Care > Dry Mouth Relief
B000NN3H18,Beauty & Personal Care > Products > Personal Care > Bath & Bathing Accessories > Bath > Oils
B001CBA14G,Health & Household > Products > Medical Supplies & Equipment > Mobility & Daily Living Aids > Mobility Aids & Equipment > Canes, Crutches & Accessories
B00006IDL9,Health & Household > Products > Health Care > First Aid > Bandages & Bandaging Supplies > Adhesive Bandages
B0009STDOW,Health & Household > Products > Health Care > First Aid > Bandages & Bandaging Supplies > Adhesive Bandages
B00YDEP8RO,Everything Else > Categories
B006VX5RQW,Beauty & Personal Care > Products > Hair Care > Shampoo & Conditioner > Conditioners
B004W24LQ6,Beauty & Personal Care > Products > Skin Care > Face > Cleansers
B0014CV322,Health & Household > Products > Health Care > First Aid > Bandages & Bandaging Supplies > Adhesive Bandages
B005BFM67E,Health & Household > Products > Health Care > First Aid > Bandages & Bandaging Supplies > Adhesive Bandages
B005JVHAK8,Health & Household > Products > Health Care > Medications & Treatments > Cough & Cold > Coughing & Sore Throats > Cough Drops
B00080TELI,Clothing, Shoes & Jewelry > Departments > Women > Watches > Wrist Watches
B00JGDR9WY,Beauty & Personal Care > Products > Skin Care > Face > Cleansers
B078859J8V,Health & Household > Products > Vitamins & Dietary Supplements > Supplements > Digestive Supplements > Dietary Fibers
B010VDW2I8,Health & Household > Products > Health Care > First Aid > Bandages & Bandaging Supplies > Adhesive Bandages
B06XKMJR2K,Health & Household > Products > Health Care > Medications & Treatments > Cough & Cold > Coughing & Sore Throats
B00NQ2K7B6,Beauty & Personal Care > Products > Skin Care > Face > Cleansers > Washes
B008YX8BLK,Health & Household > Products > Health Care > First Aid > Bandages & Bandaging Supplies > Adhesive Bandages
B01ESHSF4I,Health & Household > Products > Health Care > Medications & Treatments > Cough & Cold > Coughing & Sore Throats > Cough Drops
B0018QKL7W,Beauty & Personal Care > Products > Makeup > Lips > Lip Glosses
B00005Q50D,Health & Household > Products > Vision Care > Contact Lens Care > Soaking Solutions
B00DNP1AHQ,Health & Household > Products > Health Care > Medications & Treatments > Cough & Cold > Coughing & Sore Throats > Cough Drops
B01EMYZUS6,Health & Household > Products > Health Care > First Aid > Bandages & Bandaging Supplies > Adhesive Bandages
B0082YLBWM,Beauty & Personal Care > Products > Makeup > Lips > Lip Glosses
B00C5RK7HM,Health & Household > Products
B01IAF1ZIW,Beauty & Personal Care > Products > Makeup > Lips > Lip Glosses
B00IZHXUM0,Health & Household > Products > Health Care > First Aid > Itching & Rash Treatments > Cortisone Treatments
B0089S04VK,Health & Household > Products > Vision Care > Contact Lens Care > Soaking Solutions
B00KILF114,Health & Household > Products > Health Care > Medications & Treatments > Eczema, Psoriasis & Rosacea Care
B00KO1EXPS,Health & Household > Products > Health Care > First Aid > Itching & Rash Treatments > Cortisone Treatments
B000063XTO,Health & Household > Products > Health Care > Medications & Treatments > Digestion & Nausea > Gas Relief
B00KOCFRIE,Health & Household > Products > Health Care > Medications & Treatments > Digestion & Nausea > Laxatives
B012FUVDNU,Health & Household > Products > Health Care > Feminine Care
B01I9Z93V4,Beauty & Personal Care > Products > Skin Care > Body > Scrubs & Body Treatments
B00LGDVSC4,Health & Household > Products > Medical Supplies & Equipment > Mobility & Daily Living Aids > Mobility Aids & Equipment > Canes, Crutches & Accessories > Cane Accessories > Cane Tips
B012FURYRY,Health & Household > Products > Health Care > First Aid
B00DT7V0BO,Beauty & Personal Care > Products > Skin Care > Body > Moisturizers > Lotions
B0011291AG,Health & Household > Products > Health Care > Medications & Treatments > Digestion & Nausea > Laxatives
B0088W8AD6,Health & Household > Products > Health Care > Medications & Treatments > Digestion & Nausea > Laxatives
B005P0U0T6,Health & Household > Products > Health Care > Medications & Treatments > Digestion & Nausea > Laxatives
B074PY86T6,Health & Household > Products > Health Care > Medications & Treatments > Digestion & Nausea > Laxatives
B00WVHRE7W,Health & Household > Products > Health Care > Medications & Treatments > Eczema, Psoriasis & Rosacea Care
B0009VQ8GA,Health & Household > Products > Health Care > Ear Care > Earplugs
B07193C8B5,Baby Products > Categories > Baby Care > Grooming > Skin Care > Powders
B07193C2HB,Baby Products > Categories > Baby Care > Grooming > Skin Care > Oils
B00U52SM8A,Health & Household > Products > Health Care > First Aid > Antibiotics & Antiseptics
B001FBGQT2,Beauty & Personal Care > Products > Skin Care > Body > Moisturizers > Lotions
B00WXOLTL0,Health & Household > Products > Health Care > Medications & Treatments > Digestion & Nausea
B001V9QRH4,Baby Products > Categories > Baby Care > Grooming > Skin Care > Powders
B01IAINWSK,Health & Household > Products > Health Care > Medications & Treatments > Eczema, Psoriasis & Rosacea Care
B01IAIO26Q,Health & Household > Products > Health Care > Medications & Treatments > Eczema, Psoriasis & Rosacea Care
B00O6FPT1A,Baby Products > Categories > Baby Care > Grooming > Skin Care > Oils
B001PQBELC,Health & Household > Products > Health Care > First Aid > Scars & Wounds
B0000530H5,Health & Household > Products > Health Care > Medications & Treatments > Digestion & Nausea > Laxatives
B00366HD7I,Health & Household > Products > Health Care > Medications & Treatments > Medication Aids > Pill Crushers & Splitters
B00NMPJ8QW,Beauty & Personal Care > Products > Skin Care > Body > Moisturizers
B001E96N3E,Baby Products > Categories > Baby Care > Grooming > Skin Care > Powders
B01L0K8RDU,Beauty & Personal Care > Products > Skin Care > Body > Moisturizers > Lotions
B0009RFAN6,Baby Products > Categories > Baby Care > Grooming > Skin Care > Powders
B001F1DV1I,Health & Household > Products > Health Care > Medications & Treatments > Allergy, Sinus & Asthma > Allergy Medicine
B000GCJLZC,Baby Products > Categories > Baby Care > Grooming > Skin Care > Oils
B008HF3RWS,Health & Household > Products > Vitamins & Dietary Supplements > Supplements > Fish Oil
B00620T3JG,Health & Household > Products > Vitamins & Dietary Supplements > Vitamins > Hair, Skin & Nails Complex
B00E6K0M8K,Health & Household > Products > Vitamins & Dietary Supplements > Vitamins > Vitamin B > B7 (Biotin)
B004H1RA6U,Health & Household > Products > Health Care > Medications & Treatments > Allergy, Sinus & Asthma > Sinus Medicine
B002LF5OJY,Health & Household > Products
B000KPPQAY,Health & Household > Products > Vision Care > Eye Drops, Lubricants & Washes
B00HFKBIFE,Health & Household > Products > Vitamins & Dietary Supplements > Vitamins > Vitamin D > D3
B00OLTTQTC,Health & Household > Products > Health Care > Medications & Treatments > Pain Relievers > Hot & Cold Therapies > Heat Patches & Wraps
B00TDFI1ZE,Health & Household > Products > Health Care > Medications & Treatments > Allergy, Sinus & Asthma > Allergy Medicine
B006QQQZOC,Health & Household > Products > Vitamins & Dietary Supplements > Vitamins > Hair, Skin & Nails Complex
B000E5BJV0,Health & Household > Products > Health Care > Medications & Treatments > Pain Relievers > Hot & Cold Therapies
B00MH4VBQY,Health & Household > Products > Health Care > Medications & Treatments > Cough & Cold > Cold & Flu Relief
B000M2FL1E,Health & Household > Products > Vision Care > Eye Drops, Lubricants & Washes
B0055348DM,Health & Household > Products > Health Care > Medications & Treatments > Cough & Cold > Coughing & Sore Throats > Cough Syrups
B00RZP995U,Health & Household > Products > Vitamins & Dietary Supplements > Vitamins > Vitamin D > D3
B0014D2B1I,Health & Household > Products > Health Care > Medications & Treatments > Cough & Cold > Cold & Flu Relief
B007E62538,Beauty & Personal Care > Products > Skin Care > Body > Moisturizers
B0012MNPU2,Health & Household > Products > Vision Care > Eye Drops, Lubricants & Washes
B01FGU9UO0,Home & Kitchen > Categories > Storage & Organization > Clothing & Closet Storage > Moth Protection
B00829WDJM,Health & Household > Products > Health Care > Medications & Treatments > Pain Relievers > Non-Aspirin > Acetaminophen
B0114LQN7C,Health & Household > Products > Health Care > Medications & Treatments > Cough & Cold > Cold & Flu Relief
B0038ZXYP2,Beauty & Personal Care > Products > Skin Care > Face
B0014B5LM6,Health & Household > Products > Health Care > Feminine Care
B01IAINL9K,Health & Household > Products > Health Care > Medications & Treatments > Cough & Cold > Cold & Flu Relief
B06Y1JWFL6,Health & Household > Products > Health Care > Alternative Medicine > Single Homeopathic Remedies
B01NBHM35Y,Beauty & Personal Care > Products > Oral Care > Toothpaste
B01IAINPVE,Health & Household > Products > Health Care > Medications & Treatments > Cough & Cold > Cold & Flu Relief
B005IHTODO,Beauty & Personal Care > Products > Skin Care > Face
B01IAIO19Y,Health & Household > Products > Health Care > Medications & Treatments > Cough & Cold > Cold & Flu Relief
B013QNB40C,Beauty & Personal Care > Products > Skin Care > Sunscreens & Tanning Products > Sunscreens > Body Sunscreens
B078XKWH6R,Beauty & Personal Care > Products > Oral Care > Toothpaste
B001AEO9KM,Beauty & Personal Care > Products > Hair Care
B01IAINX8Y,Health & Household > Products > Health Care > Medications & Treatments > Cough & Cold > Cold & Flu Relief
B075TSF96R,Beauty & Personal Care > Products > Skin Care > Lip Care > Balms & Moisturizers
B00FQR7QRW,Beauty & Personal Care > Products > Skin Care > Body > Scrubs & Body Treatments > Body Scrubs
B075ZY2C2Y,Beauty & Personal Care > Products > Skin Care > Lip Care > Balms & Moisturizers
B01JP48XQ4,Health & Household > Products > Health Care > Medications & Treatments > Allergy, Sinus & Asthma > Sinus Medicine
B00KPLDX1M,Health & Household > Products > Health Care > Medications & Treatments > Pain Relievers > Alternative Pain Relief
B01M0WWA2B,Baby Products > Categories > Baby Care > Grooming > Skin Care > Diaper Creams
B00MZGXQ6C,Health & Household > Products
B01IAIKFIU,Health & Household > Products > Health Care > First Aid > Antibiotics & Antiseptics > Ointments
B01BZU3UXW,Health & Household > Products > Medical Supplies & Equipment > Health Monitors > Blood Pressure Monitors
B019DL5KAG,Health & Household > Products > Health Care > Medications & Treatments > Allergy, Sinus & Asthma > Asthma Medicine
B0167JYOK4,Beauty & Personal Care > Products > Oral Care > Dry Mouth Relief
B01AFQK0Q2,Health & Household > Products > Health Care > Medications & Treatments > Digestion & Nausea > Antacids
B00EA9DFU4,Health & Household > Products > Vitamins & Dietary Supplements > Multi & Prenatal Vitamins > Multivitamins
B00U7T9BS6,Health & Household > Products > Health Care > Medications & Treatments > Allergy, Sinus & Asthma > Allergy Medicine
B000NN7FUW,Health & Household > Products
B001QFU4WC,Health & Household > Products > Health Care > Medications & Treatments > Pain Relievers > Rubs & Ointments
B01JEZXMBK,Health & Household > Products
B00367KSCY,Health & Household > Products > Health Care > Medications & Treatments > Allergy, Sinus & Asthma > Allergy Medicine
B00E4MS3PY,Health & Household > Products > Health Care > Medications & Treatments > Pain Relievers > Rubs & Ointments
B01MYB8IPS,Health & Household > Products > Health Care > Medications & Treatments > Pain Relievers > Rubs & Ointments
B074N9LKQT,Health & Household > Products > Health Care
B00FQR8MWU,Health & Household > Products > Health Care > Medications & Treatments > Pain Relievers > Rubs & Ointments
B00E4MKLN6,Health & Household > Products > Health Care > Medications & Treatments > Pain Relievers > Rubs & Ointments
B01MD0GWZR,Health & Household > Products > Health Care > Medications & Treatments > Cold Sore & Fever Blister Treatments
B003JCAQ9Q,Beauty & Personal Care > Products > Skin Care > Lip Care > Balms & Moisturizers
B012IUH2NW,Health & Household > Products > Health Care > Feminine Care > Panty Liners
B0014CQ8O0,Health & Household > Products > Health Care > First Aid > Itching & Rash Treatments > Cortisone Treatments
B077S8D87K,Office Products > Categories
B00P9QKC6C,Health & Household > Products > Health Care > Medications & Treatments > Allergy, Sinus & Asthma > Allergy Medicine
B001HLZKVA,Beauty & Personal Care > Products > Skin Care > Lip Care > Balms & Moisturizers
B010FBB070,Health & Household > Products > Health Care > Medications & Treatments > Cough & Cold > Cold & Flu Relief
B0037LEO2Y,Health & Household > Products > Health Care > Medications & Treatments > Allergy, Sinus & Asthma > Allergy Medicine
B011TTTRCW,Health & Household > Products > Health Care > Medications & Treatments > Cough & Cold > Cold & Flu Relief
B000YMC1NI,Health & Household > Products > Health Care > Medications & Treatments > Allergy, Sinus & Asthma > Allergy Medicine
B00NNTV6VM,Health & Household > Products > Health Care > Feminine Care > Panty Liners
B01IAHYG9K,Health & Household > Products > Health Care > Medications & Treatments > Allergy, Sinus & Asthma > Respiration Flow Meters
B01IAHYEXS,Health & Household > Products > Health Care > Medications & Treatments > Allergy, Sinus & Asthma > Respiration Flow Meters
B00TIOVJPE,Health & Household > Products > Health Care > Feminine Care
B000GCI8QU,Health & Household > Products > Health Care > Medications & Treatments > Digestion & Nausea > Laxatives
B01KUKQOX6,Health & Household > Products > Health Care
B001SZRJQO,Health & Household > Products > Vision Care > Eye Drops, Lubricants & Washes
B00C7APAJW,Everything Else > Categories
B001LFCYLQ,Health & Household > Products > Health Care > Medications & Treatments > Cough & Cold > Cold & Flu Relief
B001AZTD52,Health & Household > Products > Health Care > First Aid > Antifungals > Jock Itch Treatments
B00099XNH4,Beauty & Personal Care > Products > Oral Care > Toothpaste
B004X8KD7U,Health & Household > Products > Health Care > Medications & Treatments > Allergy, Sinus & Asthma > Allergy Medicine
B004P51PAU,Health & Household > Products
B00E4MQ4Q4,Beauty & Personal Care > Products > Oral Care > Toothpaste
B00E4ML3MY,Health & Household > Products > Health Care > First Aid > Itching & Rash Treatments > Cortisone Treatments
B002UFQK4I,Health & Household > Products > Health Care > Medications & Treatments > Allergy, Sinus & Asthma > Allergy Medicine
B0006NINVE,Health & Household > Products > Health Care > First Aid > Itching & Rash Treatments > Cortisone Treatments
B000GCOIUK,Health & Household > Products > Health Care > First Aid > Itching & Rash Treatments > Cortisone Treatments
B01IADV08E,Beauty & Personal Care > Products > Oral Care > Teeth Whitening
B01LZ5EHQM,Health & Household > Products > Health Care > Incontinence & Ostomy > Protective Briefs & Underwear
B00EZWTGQI,Health & Household > Products > Health Care > First Aid > Itching & Rash Treatments > Cortisone Treatments
B00FQR8BD0,Health & Household > Products > Health Care > First Aid > Itching & Rash Treatments > Cortisone Treatments
B00FQR81OE,Beauty & Personal Care > Products > Oral Care > Toothpaste
B017LGU6IQ,Health & Household > Products > Health Care > Medications & Treatments > Eczema, Psoriasis & Rosacea Care
B01IADV570,Beauty & Personal Care > Products > Oral Care > Teeth Whitening
B00E4MJ7X6,Health & Household > Products > Health Care > First Aid > Itching & Rash Treatments > Cortisone Treatments
B00DNBUB1G,Health & Household > Products > Health Care > Medications & Treatments > Pain Relievers > Joint & Muscle Pain Relief > Medications
B003USE6BI,Health & Household > Products > Health Care > Medications & Treatments > Eczema, Psoriasis & Rosacea Care
B01IADVAPC,Beauty & Personal Care > Products > Oral Care > Teeth Whitening
B00LW1K68C,Beauty & Personal Care > Products > Personal Care > Bath & Bathing Accessories > Bath > Bubble Bath
B0080D1Q66,Beauty & Personal Care > Products > Personal Care > Bath & Bathing Accessories > Bath > Bubble Bath
B01MUDUBM4,
B076HXMSZ2,Beauty & Personal Care > Products > Skin Care > Body > Moisturizers > Lotions
B076JM1HJ4,Beauty & Personal Care > Products > Skin Care > Body > Moisturizers > Lotions
B07FL22SY6,Health & Household > Products > Health Care > Feminine Care
B01IA9EQZW,Health & Household > Products > Health Care > Medications & Treatments > Eczema, Psoriasis & Rosacea Care
B00JKQEMCM,Health & Household > Products > Health Care > Medications & Treatments > Pain Relievers > Arthritis
B06XGXR2LW,Beauty & Personal Care > Products > Personal Care > Bath & Bathing Accessories > Bath > Oils
B07GM1JL5L,Beauty & Personal Care > Products > Personal Care > Bath & Bathing Accessories > Bath > Bath Bombs
B07FC31R4B,Beauty & Personal Care > Products > Personal Care > Bath & Bathing Accessories > Bath > Bath Bombs
B07FC3LZDZ,Beauty & Personal Care > Products > Personal Care > Bath & Bathing Accessories > Bath > Bath Bombs
B002OHE7RE,Health & Household > Products > Health Care > Medications & Treatments > Eczema, Psoriasis & Rosacea Care
B00DNE9HSG,Health & Household > Products > Vitamins & Dietary Supplements > Minerals > Magnesium
B07GDS2R8D,Beauty & Personal Care > Products > Personal Care > Bath & Bathing Accessories > Bath > Bath Bombs
B07FMQGLNX,Beauty & Personal Care > Products > Personal Care > Bath & Bathing Accessories > Bath > Minerals & Salts
B07FL1QNQ7,Health & Household > Products > Health Care > Feminine Care > Feminine Wipes
B0000AXHRU,Health & Household > Products > Household Supplies > Household Batteries > C
B00451UL8G,Sports & Outdoors > Outdoor Recreation Features
B0014D3N2E,Health & Household > Products > Household Supplies > Household Batteries > C
B00HM59XFE,Health & Household > Products > Household Supplies > Household Batteries > AAA
B002WC91PO,Health & Household > Products > Health Care > Incontinence & Ostomy > Bedding & Furniture Protection
B000UX8S88,Health & Household > Products > Household Supplies > Household Batteries > C
B00EGS93DW,Health & Household > Products > Household Supplies > Household Batteries > AAA
B004LPNHE6,Health & Household > Products > Vitamins & Dietary Supplements
B002NS9418,Health & Household > Products > Household Supplies > Household Batteries > AA
B00000JHQB,Electronics > Computers Features
B00J4FEJYA,Beauty & Personal Care > Products > Skin Care > Body > Scrubs & Body Treatments
B000GCKC96,Health & Household > Products > Health Care > Foot Health > Odor Control > Powders
B00J2V3IOI,Health & Household > Products > Health Care > Foot Health > Odor Control > Powders
B00LQAKCVK,Health & Household > Products > Household Supplies > Household Batteries > AAA
B01IVPZIK2,Tools & Home Improvement > Categories > Electrical > Switches > Wall Switches > Timer Switches
B01IAI19SA,Beauty & Personal Care > Products > Foot, Hand & Nail Care > Foot & Hand Care
B00BG3U9Z6,Beauty & Personal Care > Products > Foot, Hand & Nail Care > Foot & Hand Care > Foot Creams & Lotions
B00KKXK6M4,Tools & Home Improvement > Categories > Welding & Soldering > Welding Equipment > Welding Equipment & Accessories
B00HA7PTFW,Beauty & Personal Care > Products > Skin Care > Body > Scrubs & Body Treatments
B012FUY0U8,Health & Household > Products
B00HA680VI,Beauty & Personal Care > Products > Skin Care > Body > Scrubs & Body Treatments
B00N8G6RE6,Health & Household > Products > Household Supplies > Household Batteries > C
B015HRFXKM,Beauty & Personal Care > Products > Skin Care > Body > Moisturizers > Lotions
B01IAI171O,Beauty & Personal Care > Products > Foot, Hand & Nail Care > Foot & Hand Care
B01IAE2XW0,Beauty & Personal Care > Products > Makeup
B01IAI1BRO,Beauty & Personal Care > Products > Foot, Hand & Nail Care > Foot & Hand Care
B002FTQDEQ,Tools & Home Improvement > Categories > Safety & Security > Flashlights > Handheld Flashlights
B078XKWW1G,Beauty & Personal Care > Products > Skin Care > Body > Moisturizers > Creams
B01IAE2SR0,Beauty & Personal Care > Products > Makeup
B078XK4FR9,Beauty & Personal Care > Products > Skin Care > Body > Moisturizers > Creams
B01IAI3Q72,Health & Household > Products > Health Care > Medications & Treatments > Digestion & Nausea > Laxatives
B01IAIL4S0,Health & Household > Products > Health Care > Foot Health > Odor Control > Powders
B01IAE2UU0,Beauty & Personal Care > Products > Makeup
B01IAFDUVM,Beauty & Personal Care > Products > Skin Care > Body > Moisturizers > Lotions
B00182ERTO,Beauty & Personal Care > Products > Skin Care > Body > Moisturizers > Lotions
B01IAILC5A,Health & Household > Products > Health Care > Foot Health > Odor Control > Powders
B01IAFE2RI,Beauty & Personal Care > Products > Skin Care > Body > Moisturizers > Lotions
B01IAE2ZM8,Beauty & Personal Care > Products > Makeup
B01IAIL7JG,Health & Household > Products > Health Care > Foot Health > Odor Control > Powders
B01IAIL8X6,Health & Household > Products > Health Care > Foot Health > Odor Control > Powders
B00LPBZ8Y6,Beauty & Personal Care > Products > Skin Care > Body > Moisturizers > Lotions
B010D08OYK,
B00IKGBTZG,Baby Products > Categories > Potty Training > Training Pants
B00IKGBU3M,Baby Products > Categories > Diapering > Disposable Diapers
B000GCL8Y4,Grocery & Gourmet Food > Categories > Candy & Chocolate > Hard Candy & Lollipops > Hard Candy
B0094D8QOG,Beauty & Personal Care > Products > Skin Care > Body > Moisturizers > Lotions
B01IADZ58K,Beauty & Personal Care > Products
B07H38X3H2,Baby Products > Categories > Diapering
B01IAIL7JG,Health & Household > Products > Health Care > Foot Health > Odor Control > Powders
B01IAIL8X6,Health & Household > Products > Health Care > Foot Health > Odor Control > Powders
B00I9KQEG2,Baby Products > Categories > Diapering > Disposable Diapers
B00LPBZ8Y6,Beauty & Personal Care > Products > Skin Care > Body > Moisturizers > Lotions
B01IADZ9EU,Beauty & Personal Care > Products
B010D08OYK,
B00IKGBTZG,Baby Products > Categories > Potty Training > Training Pants
B00TFXH3IU,Baby Products > Categories > Diapering > Disposable Diapers
B00IKGBU3M,Baby Products > Categories > Diapering > Disposable Diapers
B000GCL8Y4,Grocery & Gourmet Food > Categories > Candy & Chocolate > Hard Candy & Lollipops > Hard Candy
B00LBZMNY4,Baby Products > Categories > Diapering > Disposable Diapers
B000HZI5YQ,Health & Household > Products > Health Care > Medications & Treatments > Cough & Cold > Coughing & Sore Throats > Cough Drops
B01DZ0CN6A,Health & Household > Products > Baby & Child Care > Health Care > Cold & Flu Remedies
B0094D8QOG,Beauty & Personal Care > Products > Skin Care > Body > Moisturizers > Lotions
B01IADZ58K,Beauty & Personal Care > Products
B07H38X3H2,Baby Products > Categories > Diapering
B00I9KQEG2,Baby Products > Categories > Diapering > Disposable Diapers
B01IADZCI8,Beauty & Personal Care > Products
B01IADZ9EU,Beauty & Personal Care > Products
B01698FBXM,Baby Products > Categories > Diapering > Disposable Diapers
B00SKWGUTK,Health & Household > Products > Health Care > Sleep & Snoring > Medicinal Sleep Aids
B00TFXH3IU,Baby Products > Categories > Diapering > Disposable Diapers
B00LBZMNY4,Baby Products > Categories > Diapering > Disposable Diapers
B01GDWA5ZI,Health & Household > Products
B01EMZ4CW0,Health & Household > Products > Health Care > Medications & Treatments > Digestion & Nausea > Diarrhea Relief
B074N5GG78,Health & Household > Products > Health Care > Medications & Treatments > Pain Relievers > Rubs & Ointments
B000HZI5YQ,Health & Household > Products > Health Care > Medications & Treatments > Cough & Cold > Coughing & Sore Throats > Cough Drops
B01LXZFSMF,Baby Products > Categories > Baby Care > Grooming > Skin Care > Powders
B01DZ0CN6A,Health & Household > Products > Baby & Child Care > Health Care > Cold & Flu Remedies
B00G4EJV0Q,Beauty & Personal Care > Products > Foot, Hand & Nail Care > Foot & Hand Care > Foot Creams & Lotions
B01IADZCI8,Beauty & Personal Care > Products
B01FGL9R7E,Health & Household > Products > Health Care > Medications & Treatments > Digestion & Nausea > Diarrhea Relief
B01698FBXM,Baby Products > Categories > Diapering > Disposable Diapers
B073BW8WQL,Health & Household > Products > Household Supplies > Paper & Plastic > Facial Tissues
B00SKWGUTK,Health & Household > Products > Health Care > Sleep & Snoring > Medicinal Sleep Aids
B01GDWA5ZI,Health & Household > Products
B00CJSY4GW,Health & Household > Products > Household Supplies > Paper & Plastic > Facial Tissues
B000052X26,Health & Household > Products > Health Care > Medications & Treatments > Cough & Cold > Coughing & Sore Throats > Cough Drops
B01FGLR3XO,Health & Household > Products > Health Care > Medications & Treatments > Digestion & Nausea > Diarrhea Relief
B00E5R7LAG,Health & Household > Products > Health Care > Medications & Treatments > Digestion & Nausea > Diarrhea Relief
B0012U5C5A,Baby Products > Categories > Baby Care > Grooming > Skin Care > Powders
B00FZGZSE2,Health & Household > Products > Household Supplies > Paper & Plastic > Facial Tissues
B000GCE2P6,Health & Household > Products > Baby & Child Care > Diaper Care
B008RERIWE,Health & Household > Products > Household Supplies > Paper & Plastic > Facial Tissues
B01EMZ4CW0,Health & Household > Products > Health Care > Medications & Treatments > Digestion & Nausea > Diarrhea Relief
B074N5GG78,Health & Household > Products > Health Care > Medications & Treatments > Pain Relievers > Rubs & Ointments
B00EN98SP8,Health & Household > Products > Household Supplies > Paper & Plastic > Facial Tissues
B01LXZFSMF,Baby Products > Categories > Baby Care > Grooming > Skin Care > Powders
B00G4EJV0Q,Beauty & Personal Care > Products > Foot, Hand & Nail Care > Foot & Hand Care > Foot Creams & Lotions
B01FGL9R7E,Health & Household > Products > Health Care > Medications & Treatments > Digestion & Nausea > Diarrhea Relief
B01FGLN72K,Health & Household > Products > Health Care > Medications & Treatments > Digestion & Nausea > Diarrhea Relief
B073BW8WQL,Health & Household > Products > Household Supplies > Paper & Plastic > Facial Tissues
B00CJSY4GW,Health & Household > Products > Household Supplies > Paper & Plastic > Facial Tissues
B01IAID81G,Health & Household > Products > Health Care > Feminine Care > Panty Liners
B000052X26,Health & Household > Products > Health Care > Medications & Treatments > Cough & Cold > Coughing & Sore Throats > Cough Drops
B01FGLR3XO,Health & Household > Products > Health Care > Medications & Treatments > Digestion & Nausea > Diarrhea Relief
B00E5R7LAG,Health & Household > Products > Health Care > Medications & Treatments > Digestion & Nausea > Diarrhea Relief
B01FGLK50C,Health & Household > Products > Health Care > Medications & Treatments > Digestion & Nausea > Diarrhea Relief
B00OAMWP4S,Health & Household > Products > Baby & Child Care > Personal Care > Baby Bath
B0012U5C5A,Baby Products > Categories > Baby Care > Grooming > Skin Care > Powders
B00FZGZSE2,Health & Household > Products > Household Supplies > Paper & Plastic > Facial Tissues
B000GCE2P6,Health & Household > Products > Baby & Child Care > Diaper Care
B008RERIWE,Health & Household > Products > Household Supplies > Paper & Plastic > Facial Tissues
B00EN98SP8,Health & Household > Products > Household Supplies > Paper & Plastic > Facial Tissues
B01FGLN72K,Health & Household > Products > Health Care > Medications & Treatments > Digestion & Nausea > Diarrhea Relief
B01IAID81G,Health & Household > Products > Health Care > Feminine Care > Panty Liners
B00AZIZHU0,Beauty & Personal Care > Products > Hair Care > Shampoo & Conditioner > Conditioners
B01EMYUONM,Beauty & Personal Care > Products > Skin Care > Body > Moisturizers > Lotions
B01LR2RY0S,Health & Household > Products > Health Care > Medications & Treatments > Cough & Cold > Chest Rubs
B00V0ZB8D2,Clothing, Shoes & Jewelry > Departments > Luggage & Travel Gear > Backpacks > Casual Daypacks
B01FGLK50C,Health & Household > Products > Health Care > Medications & Treatments > Digestion & Nausea > Diarrhea Relief
B016PATH4I,Health & Household > Products
B00OAMWP4S,Health & Household > Products > Baby & Child Care > Personal Care > Baby Bath
B00AZIZHU0,Beauty & Personal Care > Products > Hair Care > Shampoo & Conditioner > Conditioners
B01EMYUONM,Beauty & Personal Care > Products > Skin Care > Body > Moisturizers > Lotions
B01LR2RY0S,Health & Household > Products > Health Care > Medications & Treatments > Cough & Cold > Chest Rubs
B00V0ZB8D2,Clothing, Shoes & Jewelry > Departments > Luggage & Travel Gear > Backpacks > Casual Daypacks
B016PATH4I,Health & Household > Products
B00TYLMLF8,Health & Household > Products > Health Care > Feminine Care > Sanitary Napkins
B00TYLMLF8,Health & Household > Products > Health Care > Feminine Care > Sanitary Napkins
B00GFYVI3I,Health & Household > Products > Health Care > Feminine Care > Sanitary Napkins
B00J5NR50Q,Industrial & Scientific > Categories > Tapes, Adhesives & Sealants > Adhesive Tapes
B00TYLMJNM,Health & Household > Products > Health Care > Feminine Care > Sanitary Napkins
B00J5NRAI8,Industrial & Scientific > Categories > Tapes, Adhesives & Sealants > Adhesive Tapes
B00GFYVI3I,Health & Household > Products > Health Care > Feminine Care > Sanitary Napkins
B00J5NR50Q,Industrial & Scientific > Categories > Tapes, Adhesives & Sealants > Adhesive Tapes
B00TYLMJNM,Health & Household > Products > Health Care > Feminine Care > Sanitary Napkins
B00NY7TWXC,Industrial & Scientific > Categories > Tapes, Adhesives & Sealants > Adhesive Tapes
B00MFU8UDW,Industrial & Scientific > Categories > Tapes, Adhesives & Sealants > Adhesive Tapes
B00PCHU4DO,Industrial & Scientific > Categories > Tapes, Adhesives & Sealants > Adhesive Tapes > Duct Tape
B004YM3WNM,Health & Household > Products > Health Care > Feminine Care > Sanitary Napkins
B00DV6F8Z2,Home & Kitchen > Home & Kitchen Features
B01IRLV656,Arts, Crafts & Sewing > Categories > Crafting > Craft Supplies > Adhesives > Arts & Crafts Tape
B00HXDU6M4,Health & Household > Products > Health Care > Medications & Treatments > Allergy, Sinus & Asthma
B00J5NRAI8,Industrial & Scientific > Categories > Tapes, Adhesives & Sealants > Adhesive Tapes
B00NY7TWXC,Industrial & Scientific > Categories > Tapes, Adhesives & Sealants > Adhesive Tapes
B005IHSTRQ,Beauty & Personal Care > Products > Skin Care > Body > Moisturizers > Lotions
B018EAPQ38,Health & Household > Products > Vitamins & Dietary Supplements > Vitamins > Vitamin C
B00MFU8UDW,Industrial & Scientific > Categories > Tapes, Adhesives & Sealants > Adhesive Tapes
B00PCHU4DO,Industrial & Scientific > Categories > Tapes, Adhesives & Sealants > Adhesive Tapes > Duct Tape
B004YM3WNM,Health & Household > Products > Health Care > Feminine Care > Sanitary Napkins
B00DV6F8Z2,Home & Kitchen > Home & Kitchen Features
B0000DJAOI,Health & Household > Products > Vitamins & Dietary Supplements > Vitamins > Vitamin E
B01IRLV656,Arts, Crafts & Sewing > Categories > Crafting > Craft Supplies > Adhesives > Arts & Crafts Tape
B010RS069O,Health & Household > Products > Vitamins & Dietary Supplements > Multi & Prenatal Vitamins > Multiple Vitamin-Mineral Supplements
B001F1CUYM,Health & Household > Products > Vitamins & Dietary Supplements > Vitamins > Vitamin D
B005DEK9KE,Health & Household > Products > Vitamins & Dietary Supplements > Multi & Prenatal Vitamins > Prenatal Vitamins
B00EZWUEUA,Health & Household > Products > Vitamins & Dietary Supplements > Multi & Prenatal Vitamins > Multivitamins
B00HXDU6M4,Health & Household > Products > Health Care > Medications & Treatments > Allergy, Sinus & Asthma
B0002VG3PS,Health & Household > Products > Vitamins & Dietary Supplements > Vitamins > Vitamin E
B005IHSTRQ,Beauty & Personal Care > Products > Skin Care > Body > Moisturizers > Lotions
B018EAPQ38,Health & Household > Products > Vitamins & Dietary Supplements > Vitamins > Vitamin C
B0000DJAOI,Health & Household > Products > Vitamins & Dietary Supplements > Vitamins > Vitamin E
B010RS069O,Health & Household > Products > Vitamins & Dietary Supplements > Multi & Prenatal Vitamins > Multiple Vitamin-Mineral Supplements
B001F1CUYM,Health & Household > Products > Vitamins & Dietary Supplements > Vitamins > Vitamin D
B005DEK9KE,Health & Household > Products > Vitamins & Dietary Supplements > Multi & Prenatal Vitamins > Prenatal Vitamins
B00IYSM2Y2,Beauty & Personal Care > Products > Skin Care > Body > Moisturizers > Lotions
B001TSJQVQ,Health & Household > Products > Vitamins & Dietary Supplements > Multi & Prenatal Vitamins > Multiple Vitamin-Mineral Supplements
B074TVLXJY,Health & Household > Products > Vitamins & Dietary Supplements > Multi & Prenatal Vitamins > Multivitamins
B00EZWUEUA,Health & Household > Products > Vitamins & Dietary Supplements > Multi & Prenatal Vitamins > Multivitamins
B0002VG3PS,Health & Household > Products > Vitamins & Dietary Supplements > Vitamins > Vitamin E
B00IYSM2Y2,Beauty & Personal Care > Products > Skin Care > Body > Moisturizers > Lotions
B01083R0DS,Health & Household > Products > Vitamins & Dietary Supplements > Supplements > Digestive Supplements > Probiotics
B013PRCP3E,Health & Household > Products > Medical Supplies & Equipment > Braces, Splints & Supports > Back, Neck & Shoulder Supports > Lumbar Supports
B00EZWS5W4,Health & Household > Products > Vitamins & Dietary Supplements > Supplements > Essential Fatty Acids > Omega Oils > Omega-3
B001TSJQVQ,Health & Household > Products > Vitamins & Dietary Supplements > Multi & Prenatal Vitamins > Multiple Vitamin-Mineral Supplements
B074TVLXJY,Health & Household > Products > Vitamins & Dietary Supplements > Multi & Prenatal Vitamins > Multivitamins
B01083R0DS,Health & Household > Products > Vitamins & Dietary Supplements > Supplements > Digestive Supplements > Probiotics
B000FJUA8S,Health & Household > Products > Medical Supplies & Equipment > Braces, Splints & Supports > Back, Neck & Shoulder Supports > Lumbar Supports
B000FJQYRE,Health & Household > Products > Medical Supplies & Equipment > Braces, Splints & Supports > Back, Neck & Shoulder Supports > Lumbar Supports
B01FKP3Q7S,Health & Household > Products > Vitamins & Dietary Supplements > Multi & Prenatal Vitamins > Multivitamins
B06WW8QG9N,Health & Household > Products > Vitamins & Dietary Supplements > Supplements > Digestive Supplements > Probiotics
B0039UT7DO,Health & Household > Products > Vitamins & Dietary Supplements > Multi & Prenatal Vitamins > Multivitamins
B013PRCP3E,Health & Household > Products > Medical Supplies & Equipment > Braces, Splints & Supports > Back, Neck & Shoulder Supports > Lumbar Supports
B01HDIV58W,Health & Household > Products > Vitamins & Dietary Supplements > Multi & Prenatal Vitamins > Multivitamins
B005ESZFX0,Health & Household > Products > Health Care > Medications & Treatments > Pain Relievers > Rubs & Ointments
B01FRZYL8O,Health & Household > Products > Health Care > Medications & Treatments > Digestion & Nausea > Antacids
B00EZWS5W4,Health & Household > Products > Vitamins & Dietary Supplements > Supplements > Essential Fatty Acids > Omega Oils > Omega-3
B007E4ZZPU,Health & Household > Products > Health Care > Incontinence & Ostomy > Pads & Liners > Pads
B01BODRR8Y,Health & Household > Products > Vitamins & Dietary Supplements > Multi & Prenatal Vitamins > Multivitamins
B000FJUA8S,Health & Household > Products > Medical Supplies & Equipment > Braces, Splints & Supports > Back, Neck & Shoulder Supports > Lumbar Supports
B00JSCDXBE,Health & Household > Products > Health Care > Incontinence & Ostomy > Pads & Liners > Pads
B008CQPM9S,Health & Household > Products > Vitamins & Dietary Supplements > Supplements > Digestive Supplements > Probiotics
B00N01ATMA,Health & Household > Products > Vitamins & Dietary Supplements > Supplements > Digestive Supplements > Probiotics
B000FJQYRE,Health & Household > Products > Medical Supplies & Equipment > Braces, Splints & Supports > Back, Neck & Shoulder Supports > Lumbar Supports
B01FKP3Q7S,Health & Household > Products > Vitamins & Dietary Supplements > Multi & Prenatal Vitamins > Multivitamins
B06WW8QG9N,Health & Household > Products > Vitamins & Dietary Supplements > Supplements > Digestive Supplements > Probiotics
B0039UT7DO,Health & Household > Products > Vitamins & Dietary Supplements > Multi & Prenatal Vitamins > Multivitamins
B01HDIV58W,Health & Household > Products > Vitamins & Dietary Supplements > Multi & Prenatal Vitamins > Multivitamins
B005ESZFX0,Health & Household > Products > Health Care > Medications & Treatments > Pain Relievers > Rubs & Ointments
B01FRZYL8O,Health & Household > Products > Health Care > Medications & Treatments > Digestion & Nausea > Antacids
B007E4ZZPU,Health & Household > Products > Health Care > Incontinence & Ostomy > Pads & Liners > Pads
B00AXVTLF6,Health & Household > Products > Health Care > Medications & Treatments > Cough & Cold > Nasal Sprays & Drops > Decongestant Sprays
B007RWXBXC,Health & Household > Products > Health Care > Incontinence & Ostomy > Pads & Liners > Pads
B00E4MR0K8,Health & Household > Products > Vitamins & Dietary Supplements > Multi & Prenatal Vitamins > Multivitamins
B01B649T00,Baby Products > Categories > Potty Training > Training Pants
B01BODRR8Y,Health & Household > Products > Vitamins & Dietary Supplements > Multi & Prenatal Vitamins > Multivitamins
B00JSCDXBE,Health & Household > Products > Health Care > Incontinence & Ostomy > Pads & Liners > Pads
B008CQPM9S,Health & Household > Products > Vitamins & Dietary Supplements > Supplements > Digestive Supplements > Probiotics
B00N01ATMA,Health & Household > Products > Vitamins & Dietary Supplements > Supplements > Digestive Supplements > Probiotics
B00AXVTLF6,Health & Household > Products > Health Care > Medications & Treatments > Cough & Cold > Nasal Sprays & Drops > Decongestant Sprays
B007RWXBXC,Health & Household > Products > Health Care > Incontinence & Ostomy > Pads & Liners > Pads
B00E4MR0K8,Health & Household > Products > Vitamins & Dietary Supplements > Multi & Prenatal Vitamins > Multivitamins
B01B649T00,Baby Products > Categories > Potty Training > Training Pants
B01B649T0U,Baby Products > Categories > Potty Training > Training Pants
B017J182CU,Beauty & Personal Care > Products > Hair Care > Hair Loss Products > Hair Regrowth Treatments
B07H3G34TW,Baby Products > Categories > Potty Training > Training Pants
B00E4MQ8CY,Health & Household > Products > Vitamins & Dietary Supplements > Multi & Prenatal Vitamins > Multivitamins
B01B649T0U,Baby Products > Categories > Potty Training > Training Pants
B017J182CU,Beauty & Personal Care > Products > Hair Care > Hair Loss Products > Hair Regrowth Treatments
B000GCL9KC,Health & Household > Products > Health Care > Medications & Treatments > Cough & Cold > Coughing & Sore Throats > Cough Drops
B00IAJEUHW,Health & Household > Products > Vitamins & Dietary Supplements > Multi & Prenatal Vitamins > Multivitamins
B07H3G34TW,Baby Products > Categories > Potty Training > Training Pants
B00E68O1T8,Health & Household > Products > Health Care > Medications & Treatments > Digestion & Nausea > Antacids
B06XK2BJWY,Health & Household > Products > Health Care > Medications & Treatments > Digestion & Nausea > Antacids
B000QVDMTY,Health & Household > Products > Health Care > Medications & Treatments > Cough & Cold > Coughing & Sore Throats > Cough Drops
B00IAJGCA0,Health & Household > Products > Vitamins & Dietary Supplements > Multi & Prenatal Vitamins > Multivitamins
B003FBK9YS,Beauty & Personal Care > Products > Hair Care > Shampoo & Conditioner > Conditioners
B00E4MQ8CY,Health & Household > Products > Vitamins & Dietary Supplements > Multi & Prenatal Vitamins > Multivitamins
B000O7NLHI,Beauty & Personal Care > Products > Hair Care > Shampoo & Conditioner > Conditioners
B00IAJHIYE,Health & Household > Products > Vitamins & Dietary Supplements > Multi & Prenatal Vitamins > Multivitamins
B000GCL9KC,Health & Household > Products > Health Care > Medications & Treatments > Cough & Cold > Coughing & Sore Throats > Cough Drops
B01IAIKA08,Health & Household > Products > Health Care > Medications & Treatments > Digestion & Nausea > Antacids
B01IAINP46,Health & Household > Products > Health Care > Medications & Treatments > Digestion & Nausea > Antacids
B00DUFPG6A,Health & Household > Products > Health Care > Medications & Treatments > Cough & Cold > Coughing & Sore Throats > Cough Drops
B00IAJEUHW,Health & Household > Products > Vitamins & Dietary Supplements > Multi & Prenatal Vitamins > Multivitamins
B07C4HVM66,Beauty & Personal Care > Products > Skin Care > Face > Cleansers > Washes
B00B86FG5O,Beauty & Personal Care > Products > Hair Care > Shampoo & Conditioner > Conditioners
B005109HUI,Beauty & Personal Care > Products > Personal Care > Deodorants & Antiperspirants > Combination Deodorants & Antiperspirants
B012H5VJSW,Health & Household > Products > Health Care > Medications & Treatments > Digestion & Nausea > Laxatives
B00E6ALET6,Health & Household > Products > Health Care > Medications & Treatments > Digestion & Nausea > Antacids
B00E68O1T8,Health & Household > Products > Health Care > Medications & Treatments > Digestion & Nausea > Antacids
B06XK2BJWY,Health & Household > Products > Health Care > Medications & Treatments > Digestion & Nausea > Antacids
B00JIFMES4,Health & Household > Products > Health Care > Medications & Treatments > Digestion & Nausea > Antacids
B00ECE008C,Beauty & Personal Care > Products > Personal Care > Deodorants & Antiperspirants > Combination Deodorants & Antiperspirants
B000QVDMTY,Health & Household > Products > Health Care > Medications & Treatments > Cough & Cold > Coughing & Sore Throats > Cough Drops
B00FHC3EQ8,Health & Household > Products > Health Care > Medications & Treatments > Digestion & Nausea > Antacids
B01IAIKHHO,Health & Household > Products > Health Care > Medications & Treatments > Digestion & Nausea > Antacids
B00IAJGCA0,Health & Household > Products > Vitamins & Dietary Supplements > Multi & Prenatal Vitamins > Multivitamins
B016ETPLS6,Health & Household > Products > Health Care > Medications & Treatments > Pain Relievers > Rubs & Ointments
B01IAIK74W,Health & Household > Products > Health Care > Medications & Treatments > Digestion & Nausea > Antacids
B01IAINN20,Health & Household > Products > Health Care > Medications & Treatments > Digestion & Nausea > Antacids
B0175T79QQ,Health & Household > Products > Health Care > Medications & Treatments > Pain Relievers > Rubs & Ointments
B00016XIQQ,Health & Household > Products > Health Care > Medications & Treatments > Cough & Cold > Cold & Flu Relief
B00P8KZHGY,Health & Household > Products > Health Care > Medications & Treatments > Digestion & Nausea > Antacids
B000IMPJ9W,Health & Household > Products > Health Care > Medications & Treatments > Digestion & Nausea > Laxatives
B01G2N4JQ4,Health & Household > Products > Health Care > Medications & Treatments > Cough & Cold > Cold & Flu Relief
B01IA98OGY,Beauty & Personal Care > Products > Hair Care > Shampoo & Conditioner > Shampoos
B01G2N46LC,Health & Household > Products > Health Care > Medications & Treatments > Cough & Cold > Cold & Flu Relief
B0792PWD59,Health & Household > Products > Health Care > Medications & Treatments > Cough & Cold > Cold & Flu Relief
B003FBK9YS,Beauty & Personal Care > Products > Hair Care > Shampoo & Conditioner > Conditioners
B000O7NLHI,Beauty & Personal Care > Products > Hair Care > Shampoo & Conditioner > Conditioners
B004385RPS,Health & Household > Products > Vision Care > Eye Drops, Lubricants & Washes
B01G2N3EDS,Health & Household > Products > Health Care > Medications & Treatments > Cough & Cold > Cold & Flu Relief
B00H3R2B0U,Beauty & Personal Care > Products > Hair Care > Shampoo & Conditioner > Shampoos
B00IAJHIYE,Health & Household > Products > Vitamins & Dietary Supplements > Multi & Prenatal Vitamins > Multivitamins
B01G2N52LA,Health & Household > Products > Health Care > Medications & Treatments > Cough & Cold > Cold & Flu Relief
B01EMZBYZS,Health & Household > Products > Health Care > Medications & Treatments > Cough & Cold > Cold & Flu Relief
B01IAIKA08,Health & Household > Products > Health Care > Medications & Treatments > Digestion & Nausea > Antacids
B001UGL84U,Beauty & Personal Care > Products > Hair Care > Shampoo & Conditioner > Shampoos
B01IAINP46,Health & Household > Products > Health Care > Medications & Treatments > Digestion & Nausea > Antacids
B00DUFPG6A,Health & Household > Products > Health Care > Medications & Treatments > Cough & Cold > Coughing & Sore Throats > Cough Drops
B07C4HVM66,Beauty & Personal Care > Products > Skin Care > Face > Cleansers > Washes
B00B86FG5O,Beauty & Personal Care > Products > Hair Care > Shampoo & Conditioner > Conditioners
B005109HUI,Beauty & Personal Care > Products > Personal Care > Deodorants & Antiperspirants > Combination Deodorants & Antiperspirants
B012H5VJSW,Health & Household > Products > Health Care > Medications & Treatments > Digestion & Nausea > Laxatives
B00JJ6WACW,Health & Household > Products > Health Care > Sleep & Snoring > Medicinal Sleep Aids
B07GZ7M949,Health & Household > Products > Health Care > Medications & Treatments > Cough & Cold > Cold & Flu Relief
B00E6ALET6,Health & Household > Products > Health Care > Medications & Treatments > Digestion & Nausea > Antacids
B00JIFMES4,Health & Household > Products > Health Care > Medications & Treatments > Digestion & Nausea > Antacids
B01IAIP0VM,Health & Household > Products > Health Care > Sleep & Snoring > Medicinal Sleep Aids
B000GCHOF6,Health & Household > Products > Health Care > Medications & Treatments > Cough & Cold > Chest Rubs
B01EMZCV5K,Health & Household > Products > Vision Care > Eye Drops, Lubricants & Washes
B00ECE008C,Beauty & Personal Care > Products > Personal Care > Deodorants & Antiperspirants > Combination Deodorants & Antiperspirants
B00FHC3EQ8,Health & Household > Products > Health Care > Medications & Treatments > Digestion & Nausea > Antacids
B01IAIKHHO,Health & Household > Products > Health Care > Medications & Treatments > Digestion & Nausea > Antacids
B016ETPLS6,Health & Household > Products > Health Care > Medications & Treatments > Pain Relievers > Rubs & Ointments
B01IAIK74W,Health & Household > Products > Health Care > Medications & Treatments > Digestion & Nausea > Antacids
B01IAINN20,Health & Household > Products > Health Care > Medications & Treatments > Digestion & Nausea > Antacids
B00M8H5N9Q,Electronics > Camera & Photo Features
B01D9109PM,Beauty & Personal Care > Products > Oral Care
B01IAIP35U,Health & Household > Products > Health Care > Sleep & Snoring > Medicinal Sleep Aids
B0175T79QQ,Health & Household > Products > Health Care > Medications & Treatments > Pain Relievers > Rubs & Ointments
B00016XIQQ,Health & Household > Products > Health Care > Medications & Treatments > Cough & Cold > Cold & Flu Relief
B01LQBIWKG,Health & Household > Products > Health Care > Medications & Treatments > Allergy, Sinus & Asthma > Allergy Medicine
B00P8KZHGY,Health & Household > Products > Health Care > Medications & Treatments > Digestion & Nausea > Antacids
B01IAIOZ9U,Health & Household > Products > Health Care > Sleep & Snoring > Medicinal Sleep Aids
B01IAIPAS0,Health & Household > Products > Health Care > Sleep & Snoring > Medicinal Sleep Aids
B00IG07S9W,Health & Household > Products
B013VPTNSU,Health & Household > Products > Health Care > Medications & Treatments > Cough & Cold > Cold & Flu Relief
B000IMPJ9W,Health & Household > Products > Health Care > Medications & Treatments > Digestion & Nausea > Laxatives
B0017PPUX4,Health & Household > Products > Vision Care > Eye Drops, Lubricants & Washes
B01G2N4JQ4,Health & Household > Products > Health Care > Medications & Treatments > Cough & Cold > Cold & Flu Relief
B01IA98OGY,Beauty & Personal Care > Products > Hair Care > Shampoo & Conditioner > Shampoos
B01G2N46LC,Health & Household > Products > Health Care > Medications & Treatments > Cough & Cold > Cold & Flu Relief
B0792PWD59,Health & Household > Products > Health Care > Medications & Treatments > Cough & Cold > Cold & Flu Relief
B004385RPS,Health & Household > Products > Vision Care > Eye Drops, Lubricants & Washes
B001KYTYLQ,Health & Household > Products > Health Care > First Aid > Bandages & Bandaging Supplies > Gauze & Pads > Bandaging Pads
B01G2N3EDS,Health & Household > Products > Health Care > Medications & Treatments > Cough & Cold > Cold & Flu Relief
B005IHVO7S,Health & Household > Products > Health Care > Medications & Treatments > Cough & Cold > Cold & Flu Relief
B00E4MQO1O,Health & Household > Products > Health Care > Medications & Treatments > Cough & Cold > Chest Rubs
B00H3R2B0U,Beauty & Personal Care > Products > Hair Care > Shampoo & Conditioner > Shampoos
B01G2N52LA,Health & Household > Products > Health Care > Medications & Treatments > Cough & Cold > Cold & Flu Relief
B00L9ILYUW,Health & Household > Products > Vision Care > Eye Drops, Lubricants & Washes
B0000SW9HO,Health & Household > Products > Vision Care > Eye Drops, Lubricants & Washes
B01EMZBYZS,Health & Household > Products > Health Care > Medications & Treatments > Cough & Cold > Cold & Flu Relief
B001CBA1IM,Beauty & Personal Care > Products > Personal Care > Bath & Bathing Accessories > Bathing Accessories > Bath Sponges
B01IAI8NCA,Health & Household > Products > Vision Care > Eye Drops, Lubricants & Washes
B0058CTQMI,Beauty & Personal Care > Products > Skin Care > Body > Moisturizers > Lotions
B0024H1MIG,Beauty & Personal Care > Products > Hair Care > Shampoo & Conditioner > Shampoos
B001UGL84U,Beauty & Personal Care > Products > Hair Care > Shampoo & Conditioner > Shampoos
B01DXS73MS,Health & Household > Products > Health Care > Medications & Treatments > Digestion & Nausea > Gas Relief
B001GKAPM6,Health & Household > Products > Health Care > Medications & Treatments > Digestion & Nausea > Gas Relief
B004X8LL8U,Health & Household > Products > Health Care > Medications & Treatments > Digestion & Nausea > Gas Relief
B00ECE008C,Beauty & Personal Care > Products > Personal Care > Deodorants & Antiperspirants > Combination Deodorants & Antiperspirants
B00FHC3EQ8,Health & Household > Products > Health Care > Medications & Treatments > Digestion & Nausea > Antacids
B01IAIKHHO,Health & Household > Products > Health Care > Medications & Treatments > Digestion & Nausea > Antacids
B016ETPLS6,Health & Household > Products > Health Care > Medications & Treatments > Pain Relievers > Rubs & Ointments
B01IAIK74W,Health & Household > Products > Health Care > Medications & Treatments > Digestion & Nausea > Antacids
B00JJ6WACW,Health & Household > Products > Health Care > Sleep & Snoring > Medicinal Sleep Aids
B07GZ7M949,Health & Household > Products > Health Care > Medications & Treatments > Cough & Cold > Cold & Flu Relief
B01IAINN20,Health & Household > Products > Health Care > Medications & Treatments > Digestion & Nausea > Antacids
B0175T79QQ,Health & Household > Products > Health Care > Medications & Treatments > Pain Relievers > Rubs & Ointments
B00016XIQQ,Health & Household > Products > Health Care > Medications & Treatments > Cough & Cold > Cold & Flu Relief
B002D4MZ2W,Health & Household > Products > Health Care > Medications & Treatments > Digestion & Nausea > Antacids
B00P8KZHGY,Health & Household > Products > Health Care > Medications & Treatments > Digestion & Nausea > Antacids
B00IG0TQSI,Health & Household > Products > Health Care > Medications & Treatments > Digestion & Nausea > Gas Relief
B01IAHZRES,Health & Household > Products > Health Care > Medications & Treatments > Digestion & Nausea > Gas Relief
B008TY9BOK,Beauty & Personal Care > Products > Skin Care > Face > Cleansers > Gels
B01IAIP0VM,Health & Household > Products > Health Care > Sleep & Snoring > Medicinal Sleep Aids
B01CK1VUGY,Beauty & Personal Care > Products > Oral Care > Toothpaste
B000GCHOF6,Health & Household > Products > Health Care > Medications & Treatments > Cough & Cold > Chest Rubs
B000IMPJ9W,Health & Household > Products > Health Care > Medications & Treatments > Digestion & Nausea > Laxatives
B000NT2EE8,Beauty & Personal Care > Products > Skin Care > Face > Cleansers > Gels
B01G2N4JQ4,Health & Household > Products > Health Care > Medications & Treatments > Cough & Cold > Cold & Flu Relief
B01EMZCV5K,Health & Household > Products > Vision Care > Eye Drops, Lubricants & Washes
B00M8H5N9Q,Electronics > Camera & Photo Features
B01D9109PM,Beauty & Personal Care > Products > Oral Care
B01IAIP35U,Health & Household > Products > Health Care > Sleep & Snoring > Medicinal Sleep Aids
B01IA98OGY,Beauty & Personal Care > Products > Hair Care > Shampoo & Conditioner > Shampoos
B004WIEHJ6,Beauty & Personal Care > Products > Skin Care > Face > Cleansers
B0014CW3IA,Beauty & Personal Care > Products > Skin Care > Face > Cleansers > Gels
B01LQBIWKG,Health & Household > Products > Health Care > Medications & Treatments > Allergy, Sinus & Asthma > Allergy Medicine
B01G2N46LC,Health & Household > Products > Health Care > Medications & Treatments > Cough & Cold > Cold & Flu Relief
B001J0JHP4,Beauty & Personal Care > Products > Oral Care > Toothpaste
B01IAIOZ9U,Health & Household > Products > Health Care > Sleep & Snoring > Medicinal Sleep Aids
B01IAIPAS0,Health & Household > Products > Health Care > Sleep & Snoring > Medicinal Sleep Aids
B00IG07S9W,Health & Household > Products
B013VPTNSU,Health & Household > Products > Health Care > Medications & Treatments > Cough & Cold > Cold & Flu Relief
B0017PPUX4,Health & Household > Products > Vision Care > Eye Drops, Lubricants & Washes
B001KYTYLQ,Health & Household > Products > Health Care > First Aid > Bandages & Bandaging Supplies > Gauze & Pads > Bandaging Pads
B005IHVO7S,Health & Household > Products > Health Care > Medications & Treatments > Cough & Cold > Cold & Flu Relief
B0792PWD59,Health & Household > Products > Health Care > Medications & Treatments > Cough & Cold > Cold & Flu Relief
B004385RPS,Health & Household > Products > Vision Care > Eye Drops, Lubricants & Washes
B00E4MQO1O,Health & Household > Products > Health Care > Medications & Treatments > Cough & Cold > Chest Rubs
B0167JUH3M,Beauty & Personal Care > Products > Skin Care > Face > Cleansers > Gels
B00L9ILYUW,Health & Household > Products > Vision Care > Eye Drops, Lubricants & Washes
B01G2N3EDS,Health & Household > Products > Health Care > Medications & Treatments > Cough & Cold > Cold & Flu Relief
B075SKZPFH,Beauty & Personal Care > Products > Oral Care > Toothpaste
B0000SW9HO,Health & Household > Products > Vision Care > Eye Drops, Lubricants & Washes
B001CBA1IM,Beauty & Personal Care > Products > Personal Care > Bath & Bathing Accessories > Bathing Accessories > Bath Sponges
B00H3R2B0U,Beauty & Personal Care > Products > Hair Care > Shampoo & Conditioner > Shampoos
B01IAI8NCA,Health & Household > Products > Vision Care > Eye Drops, Lubricants & Washes
B01G2N52LA,Health & Household > Products > Health Care > Medications & Treatments > Cough & Cold > Cold & Flu Relief
B0058CTQMI,Beauty & Personal Care > Products > Skin Care > Body > Moisturizers > Lotions
B0024H1MIG,Beauty & Personal Care > Products > Hair Care > Shampoo & Conditioner > Shampoos
B01EMZBYZS,Health & Household > Products > Health Care > Medications & Treatments > Cough & Cold > Cold & Flu Relief
B01DXS73MS,Health & Household > Products > Health Care > Medications & Treatments > Digestion & Nausea > Gas Relief
B001GKAPM6,Health & Household > Products > Health Care > Medications & Treatments > Digestion & Nausea > Gas Relief
B004X8LL8U,Health & Household > Products > Health Care > Medications & Treatments > Digestion & Nausea > Gas Relief
B01FIL72L0,Beauty & Personal Care > Products > Oral Care > Toothpaste
B01IAI4C0C,Health & Household > Products > Health Care > Medications & Treatments > Allergy, Sinus & Asthma > Respiration Flow Meters
B001KYVPP4,Health & Household > Products > Health Care > Medications & Treatments > Cough & Cold > Coughing & Sore Throats > Cough Syrups
B000LKU4J6,Health & Household > Products > Health Care > Medications & Treatments > Cough & Cold > Coughing & Sore Throats > Cough Drops
B002D4MZ2W,Health & Household > Products > Health Care > Medications & Treatments > Digestion & Nausea > Antacids
B001UGL84U,Beauty & Personal Care > Products > Hair Care > Shampoo & Conditioner > Shampoos
B01MFAX005,Health & Household > Products > Health Care
B009NKW97U,Sports & Outdoors > Categories > Fan Shop > Auto Accessories > Decals & Bumper Stickers > Decals
B00BA116QK,Health & Household > Products > Health Care > Diabetes Care > Test Strips > Blood Test Strips
B00IG0TQSI,Health & Household > Products > Health Care > Medications & Treatments > Digestion & Nausea > Gas Relief
B01IAHZRES,Health & Household > Products > Health Care > Medications & Treatments > Digestion & Nausea > Gas Relief
B004Q6UX56,Health & Household > Products > Health Care > Diabetes Care > Test Strips > Blood Test Strips
B078JSXGQL,Beauty & Personal Care > Products > Skin Care > Face > Cleansers > Washes
B008TY9BOK,Beauty & Personal Care > Products > Skin Care > Face > Cleansers > Gels
B01CK1VUGY,Beauty & Personal Care > Products > Oral Care > Toothpaste
B000NT2EE8,Beauty & Personal Care > Products > Skin Care > Face > Cleansers > Gels
B004WIEHJ6,Beauty & Personal Care > Products > Skin Care > Face > Cleansers
B074N42K1D,Beauty & Personal Care > Products > Skin Care > Body > Cleansers > Body Washes
B003MQ4FOG,Health & Household > Products > Health Care > Diabetes Care > Test Strips > Blood Test Strips
B0014CW3IA,Beauty & Personal Care > Products > Skin Care > Face > Cleansers > Gels
B001J0JHP4,Beauty & Personal Care > Products > Oral Care > Toothpaste
B0167JUH3M,Beauty & Personal Care > Products > Skin Care > Face > Cleansers > Gels
B075SKZPFH,Beauty & Personal Care > Products > Oral Care > Toothpaste
B01FIL72L0,Beauty & Personal Care > Products > Oral Care > Toothpaste
B00JJ6WACW,Health & Household > Products > Health Care > Sleep & Snoring > Medicinal Sleep Aids
B01IAI4C0C,Health & Household > Products > Health Care > Medications & Treatments > Allergy, Sinus & Asthma > Respiration Flow Meters
B001KYVPP4,Health & Household > Products > Health Care > Medications & Treatments > Cough & Cold > Coughing & Sore Throats > Cough Syrups
B07GZ7M949,Health & Household > Products > Health Care > Medications & Treatments > Cough & Cold > Cold & Flu Relief
B000LKU4J6,Health & Household > Products > Health Care > Medications & Treatments > Cough & Cold > Coughing & Sore Throats > Cough Drops
B000REOEWY,Health & Household > Products > Health Care > Diabetes Care > Test Strips > Blood Test Strips
B01MFAX005,Health & Household > Products > Health Care
B009NKW97U,Sports & Outdoors > Categories > Fan Shop > Auto Accessories > Decals & Bumper Stickers > Decals
B01IAIP0VM,Health & Household > Products > Health Care > Sleep & Snoring > Medicinal Sleep Aids
B00BA116QK,Health & Household > Products > Health Care > Diabetes Care > Test Strips > Blood Test Strips
B004Q6UX56,Health & Household > Products > Health Care > Diabetes Care > Test Strips > Blood Test Strips
B078JSXGQL,Beauty & Personal Care > Products > Skin Care > Face > Cleansers > Washes
B074N42K1D,Beauty & Personal Care > Products > Skin Care > Body > Cleansers > Body Washes
B003MQ4FOG,Health & Household > Products > Health Care > Diabetes Care > Test Strips > Blood Test Strips
B000REOEWY,Health & Household > Products > Health Care > Diabetes Care > Test Strips > Blood Test Strips
B000GCHOF6,Health & Household > Products > Health Care > Medications & Treatments > Cough & Cold > Chest Rubs
B01EMZCV5K,Health & Household > Products > Vision Care > Eye Drops, Lubricants & Washes
B00M8H5N9Q,Electronics > Camera & Photo Features
B01D9109PM,Beauty & Personal Care > Products > Oral Care
B01IAIP35U,Health & Household > Products > Health Care > Sleep & Snoring > Medicinal Sleep Aids
B01LQBIWKG,Health & Household > Products > Health Care > Medications & Treatments > Allergy, Sinus & Asthma > Allergy Medicine
B01IAIOZ9U,Health & Household > Products > Health Care > Sleep & Snoring > Medicinal Sleep Aids
B01IAIPAS0,Health & Household > Products > Health Care > Sleep & Snoring > Medicinal Sleep Aids
B00IG07S9W,Health & Household > Products
B013VPTNSU,Health & Household > Products > Health Care > Medications & Treatments > Cough & Cold > Cold & Flu Relief
B0017PPUX4,Health & Household > Products > Vision Care > Eye Drops, Lubricants & Washes
B001KYTYLQ,Health & Household > Products > Health Care > First Aid > Bandages & Bandaging Supplies > Gauze & Pads > Bandaging Pads
B005IHVO7S,Health & Household > Products > Health Care > Medications & Treatments > Cough & Cold > Cold & Flu Relief
B00E4MQO1O,Health & Household > Products > Health Care > Medications & Treatments > Cough & Cold > Chest Rubs
B00L9ILYUW,Health & Household > Products > Vision Care > Eye Drops, Lubricants & Washes
B0000SW9HO,Health & Household > Products > Vision Care > Eye Drops, Lubricants & Washes
B001CBA1IM,Beauty & Personal Care > Products > Personal Care > Bath & Bathing Accessories > Bathing Accessories > Bath Sponges
B01IAI8NCA,Health & Household > Products > Vision Care > Eye Drops, Lubricants & Washes
B0058CTQMI,Beauty & Personal Care > Products > Skin Care > Body > Moisturizers > Lotions
B0024H1MIG,Beauty & Personal Care > Products > Hair Care > Shampoo & Conditioner > Shampoos
B01DXS73MS,Health & Household > Products > Health Care > Medications & Treatments > Digestion & Nausea > Gas Relief
B001GKAPM6,Health & Household > Products > Health Care > Medications & Treatments > Digestion & Nausea > Gas Relief
B004X8LL8U,Health & Household > Products > Health Care > Medications & Treatments > Digestion & Nausea > Gas Relief
B002D4MZ2W,Health & Household > Products > Health Care > Medications & Treatments > Digestion & Nausea > Antacids
B00IG0TQSI,Health & Household > Products > Health Care > Medications & Treatments > Digestion & Nausea > Gas Relief
B01IAHZRES,Health & Household > Products > Health Care > Medications & Treatments > Digestion & Nausea > Gas Relief
B008TY9BOK,Beauty & Personal Care > Products > Skin Care > Face > Cleansers > Gels
B01CK1VUGY,Beauty & Personal Care > Products > Oral Care > Toothpaste
B000NT2EE8,Beauty & Personal Care > Products > Skin Care > Face > Cleansers > Gels
B004WIEHJ6,Beauty & Personal Care > Products > Skin Care > Face > Cleansers
B0014CW3IA,Beauty & Personal Care > Products > Skin Care > Face > Cleansers > Gels
B001J0JHP4,Beauty & Personal Care > Products > Oral Care > Toothpaste
B0167JUH3M,Beauty & Personal Care > Products > Skin Care > Face > Cleansers > Gels
B075SKZPFH,Beauty & Personal Care > Products > Oral Care > Toothpaste
B01FIL72L0,Beauty & Personal Care > Products > Oral Care > Toothpaste
B01IAI4C0C,Health & Household > Products > Health Care > Medications & Treatments > Allergy, Sinus & Asthma > Respiration Flow Meters
B001KYVPP4,Health & Household > Products > Health Care > Medications & Treatments > Cough & Cold > Coughing & Sore Throats > Cough Syrups
B000LKU4J6,Health & Household > Products > Health Care > Medications & Treatments > Cough & Cold > Coughing & Sore Throats > Cough Drops
B01MFAX005,Health & Household > Products > Health Care
B009NKW97U,Sports & Outdoors > Categories > Fan Shop > Auto Accessories > Decals & Bumper Stickers > Decals
B00BA116QK,Health & Household > Products > Health Care > Diabetes Care > Test Strips > Blood Test Strips
B004Q6UX56,Health & Household > Products > Health Care > Diabetes Care > Test Strips > Blood Test Strips
B078JSXGQL,Beauty & Personal Care > Products > Skin Care > Face > Cleansers > Washes
B074N42K1D,Beauty & Personal Care > Products > Skin Care > Body > Cleansers > Body Washes
B003MQ4FOG,Health & Household > Products > Health Care > Diabetes Care > Test Strips > Blood Test Strips
B000REOEWY,Health & Household > Products > Health Care > Diabetes Care > Test Strips > Blood Test Strips
